Order ID,Amount,Timestamp,Customer ID,Profile Type
ORD-1000,1974.36,2025-07-16T16:31:51.995Z,CUST-203,honest
ORD-1001,2653.14,2025-07-09T16:31:51.997Z,CUST-342,honest
ORD-1002,74.58,2025-10-08T16:31:51.997Z,CUST-110,honest
ORD-1003,7970.75,2025-05-28T16:31:51.997Z,CUST-468,honest
ORD-1004,609.26,2025-04-03T16:31:51.997Z,CUST-193,honest
ORD-1005,2656.23,2025-01-14T16:31:51.997Z,CUST-170,honest
ORD-1006,3630.33,2025-03-25T16:31:51.997Z,CUST-426,honest
ORD-1007,34.12,2025-02-01T16:31:51.997Z,CUST-21,honest
ORD-1008,29.55,2025-09-12T16:31:51.997Z,CUST-9,honest
ORD-1009,298.47,2025-04-23T16:31:51.997Z,CUST-394,honest
ORD-1010,132.81,2025-01-26T16:31:51.997Z,CUST-402,honest
ORD-1011,205.4,2026-01-03T16:31:51.997Z,CUST-104,honest
ORD-1012,725.47,2025-11-27T16:31:51.997Z,CUST-248,honest
ORD-1013,494.84,2025-08-31T16:31:51.997Z,CUST-288,honest
ORD-1014,27.04,2025-02-03T16:31:51.997Z,CUST-210,honest
ORD-1015,730.07,2025-11-13T16:31:51.997Z,CUST-54,honest
ORD-1016,4920.2,2025-07-01T16:31:51.997Z,CUST-368,honest
ORD-1017,1765.62,2025-11-21T16:31:51.997Z,CUST-233,honest
ORD-1018,19.26,2025-09-02T16:31:51.997Z,CUST-383,honest
ORD-1019,1046.12,2025-04-07T16:31:51.997Z,CUST-54,honest
ORD-1020,148.94,2025-06-25T16:31:51.997Z,CUST-244,honest
ORD-1021,1359.68,2025-06-10T16:31:51.997Z,CUST-160,honest
ORD-1022,451.2,2025-01-23T16:31:51.997Z,CUST-354,honest
ORD-1023,2528.05,2025-01-24T16:31:51.997Z,CUST-489,honest
ORD-1024,512.46,2025-08-25T16:31:51.997Z,CUST-1,honest
ORD-1025,75.31,2025-02-28T16:31:51.997Z,CUST-188,honest
ORD-1026,212.77,2025-05-25T16:31:51.997Z,CUST-192,honest
ORD-1027,260.67,2025-07-15T16:31:51.997Z,CUST-382,honest
ORD-1028,5817.43,2025-01-26T16:31:51.997Z,CUST-231,honest
ORD-1029,122.63,2025-09-07T16:31:51.997Z,CUST-122,honest
ORD-1030,53.03,2025-07-19T16:31:51.997Z,CUST-223,honest
ORD-1031,168.25,2025-08-29T16:31:51.997Z,CUST-333,honest
ORD-1032,34.79,2026-01-02T16:31:51.997Z,CUST-387,honest
ORD-1033,12.67,2025-03-31T16:31:51.997Z,CUST-417,honest
ORD-1034,116.05,2025-10-22T16:31:51.997Z,CUST-445,honest
ORD-1035,96.56,2025-11-16T16:31:51.997Z,CUST-290,honest
ORD-1036,182.37,2025-06-15T16:31:51.997Z,CUST-197,honest
ORD-1037,1963.05,2025-10-29T16:31:51.997Z,CUST-77,honest
ORD-1038,16.91,2025-02-05T16:31:51.997Z,CUST-468,honest
ORD-1039,1524.15,2025-05-11T16:31:51.997Z,CUST-139,honest
ORD-1040,4899.56,2025-05-24T16:31:51.997Z,CUST-405,honest
ORD-1041,410.68,2025-02-02T16:31:51.997Z,CUST-229,honest
ORD-1042,38.4,2025-07-12T16:31:51.997Z,CUST-93,honest
ORD-1043,4710.8,2025-01-23T16:31:51.997Z,CUST-207,honest
ORD-1044,381.66,2025-01-25T16:31:51.997Z,CUST-346,honest
ORD-1045,6943.95,2025-03-04T16:31:51.997Z,CUST-134,honest
ORD-1046,6295.1,2025-01-20T16:31:51.997Z,CUST-82,honest
ORD-1047,20.02,2025-03-09T16:31:51.997Z,CUST-376,honest
ORD-1048,1657.78,2025-10-10T16:31:51.998Z,CUST-30,honest
ORD-1049,6267.2,2025-08-13T16:31:51.998Z,CUST-435,honest
ORD-1050,430.6,2025-07-11T16:31:51.998Z,CUST-1,honest
ORD-1051,2639.53,2025-06-15T16:31:51.998Z,CUST-484,honest
ORD-1052,190.03,2025-07-20T16:31:51.998Z,CUST-402,honest
ORD-1053,1570.67,2025-03-24T16:31:51.998Z,CUST-45,honest
ORD-1054,10.5,2025-04-20T16:31:51.998Z,CUST-302,honest
ORD-1055,13.25,2025-11-05T16:31:51.998Z,CUST-481,honest
ORD-1056,513.66,2025-11-07T16:31:51.998Z,CUST-411,honest
ORD-1057,23.09,2025-06-09T16:31:51.998Z,CUST-432,honest
ORD-1058,115.9,2025-01-23T16:31:51.998Z,CUST-17,honest
ORD-1059,499.98,2025-06-13T16:31:51.998Z,CUST-117,honest
ORD-1060,97.4,2025-11-04T16:31:51.998Z,CUST-88,honest
ORD-1061,10.99,2025-04-06T16:31:51.998Z,CUST-378,honest
ORD-1062,879.14,2025-06-14T16:31:51.998Z,CUST-162,honest
ORD-1063,1947.92,2025-06-27T16:31:51.998Z,CUST-29,honest
ORD-1064,3935.4,2025-09-05T16:31:51.998Z,CUST-383,honest
ORD-1065,677.32,2025-01-19T16:31:51.998Z,CUST-390,honest
ORD-1066,5956.86,2025-12-27T16:31:51.998Z,CUST-169,honest
ORD-1067,2035.64,2025-09-05T16:31:51.998Z,CUST-238,honest
ORD-1068,1818.54,2025-01-14T16:31:51.998Z,CUST-38,honest
ORD-1069,1399.51,2025-05-18T16:31:51.998Z,CUST-430,honest
ORD-1070,10.07,2025-05-01T16:31:51.998Z,CUST-471,honest
ORD-1071,1205.88,2025-05-19T16:31:51.998Z,CUST-242,honest
ORD-1072,254.92,2025-10-27T16:31:51.998Z,CUST-373,honest
ORD-1073,18.93,2025-05-31T16:31:51.998Z,CUST-94,honest
ORD-1074,426.93,2025-04-22T16:31:51.998Z,CUST-65,honest
ORD-1075,15.21,2025-11-02T16:31:51.998Z,CUST-274,honest
ORD-1076,19.61,2025-04-10T16:31:51.998Z,CUST-211,honest
ORD-1077,16.45,2025-05-18T16:31:51.998Z,CUST-203,honest
ORD-1078,49.37,2025-03-03T16:31:51.998Z,CUST-333,honest
ORD-1079,31.7,2025-06-19T16:31:51.998Z,CUST-118,honest
ORD-1080,102.97,2025-09-11T16:31:51.998Z,CUST-112,honest
ORD-1081,103.98,2025-02-05T16:31:51.998Z,CUST-375,honest
ORD-1082,22.19,2025-06-20T16:31:51.998Z,CUST-236,honest
ORD-1083,18.26,2025-07-12T16:31:51.998Z,CUST-199,honest
ORD-1084,1883.89,2025-06-02T16:31:51.998Z,CUST-498,honest
ORD-1085,1101.81,2025-03-28T16:31:51.998Z,CUST-254,honest
ORD-1086,1940.54,2025-09-14T16:31:51.998Z,CUST-56,honest
ORD-1087,409.74,2025-09-27T16:31:51.998Z,CUST-46,honest
ORD-1088,87.9,2025-12-25T16:31:51.998Z,CUST-243,honest
ORD-1089,34.72,2025-04-12T16:31:51.998Z,CUST-366,honest
ORD-1090,753.99,2025-02-03T16:31:51.998Z,CUST-398,honest
ORD-1091,4819.78,2025-09-29T16:31:51.998Z,CUST-155,honest
ORD-1092,446.01,2025-02-01T16:31:51.998Z,CUST-35,honest
ORD-1093,98.91,2025-03-26T16:31:51.998Z,CUST-287,honest
ORD-1094,43.93,2025-06-16T16:31:51.998Z,CUST-95,honest
ORD-1095,36.8,2025-02-06T16:31:51.998Z,CUST-192,honest
ORD-1096,208.54,2025-03-28T16:31:51.998Z,CUST-82,honest
ORD-1097,45.23,2025-10-18T16:31:51.998Z,CUST-92,honest
ORD-1098,21.06,2025-01-07T16:31:51.998Z,CUST-430,honest
ORD-1099,761.31,2025-12-29T16:31:51.998Z,CUST-239,honest
ORD-1100,129.37,2025-04-03T16:31:51.998Z,CUST-424,honest
ORD-1101,44.36,2025-09-18T16:31:51.998Z,CUST-159,honest
ORD-1102,461.88,2025-08-26T16:31:51.998Z,CUST-458,honest
ORD-1103,762.3,2025-09-22T16:31:51.998Z,CUST-75,honest
ORD-1104,96.08,2025-11-07T16:31:51.998Z,CUST-244,honest
ORD-1105,68.23,2025-08-02T16:31:51.998Z,CUST-297,honest
ORD-1106,9582.75,2025-11-10T16:31:51.998Z,CUST-272,honest
ORD-1107,778.22,2025-10-04T16:31:51.998Z,CUST-345,honest
ORD-1108,1605.86,2025-02-03T16:31:51.998Z,CUST-400,honest
ORD-1109,188.03,2025-10-30T16:31:51.998Z,CUST-401,honest
ORD-1110,17.18,2025-06-05T16:31:51.998Z,CUST-324,honest
ORD-1111,132.21,2026-01-05T16:31:51.998Z,CUST-430,honest
ORD-1112,146.04,2025-09-22T16:31:51.998Z,CUST-353,honest
ORD-1113,2384.92,2025-01-13T16:31:51.998Z,CUST-396,honest
ORD-1114,459.7,2025-05-14T16:31:51.998Z,CUST-466,honest
ORD-1115,49.83,2025-09-04T16:31:51.998Z,CUST-364,honest
ORD-1116,25.59,2025-08-18T16:31:51.998Z,CUST-204,honest
ORD-1117,61.76,2026-01-01T16:31:51.998Z,CUST-99,honest
ORD-1118,88.72,2025-04-07T16:31:51.998Z,CUST-370,honest
ORD-1119,141.54,2025-11-06T16:31:51.998Z,CUST-262,honest
ORD-1120,1804.29,2025-09-21T16:31:51.999Z,CUST-367,honest
ORD-1121,3304.08,2025-09-14T16:31:51.999Z,CUST-31,honest
ORD-1122,1738.28,2025-09-02T16:31:51.999Z,CUST-422,honest
ORD-1123,2491.76,2025-06-18T16:31:51.999Z,CUST-77,honest
ORD-1124,568.66,2025-11-25T16:31:51.999Z,CUST-179,honest
ORD-1125,18.22,2025-01-14T16:31:51.999Z,CUST-350,honest
ORD-1126,216.55,2025-03-10T16:31:51.999Z,CUST-15,honest
ORD-1127,1430.88,2025-01-13T16:31:51.999Z,CUST-258,honest
ORD-1128,6300.22,2025-12-23T16:31:51.999Z,CUST-161,honest
ORD-1129,93.7,2025-06-26T16:31:51.999Z,CUST-27,honest
ORD-1130,117.43,2025-07-31T16:31:51.999Z,CUST-353,honest
ORD-1131,127.8,2025-05-07T16:31:51.999Z,CUST-142,honest
ORD-1132,2389.93,2025-01-23T16:31:51.999Z,CUST-343,honest
ORD-1133,12.9,2025-11-08T16:31:51.999Z,CUST-197,honest
ORD-1134,24.2,2025-10-02T16:31:51.999Z,CUST-301,honest
ORD-1135,19.12,2025-05-09T16:31:51.999Z,CUST-228,honest
ORD-1136,95.77,2025-07-30T16:31:51.999Z,CUST-250,honest
ORD-1137,154.62,2025-11-29T16:31:51.999Z,CUST-115,honest
ORD-1138,112.65,2025-03-13T16:31:51.999Z,CUST-475,honest
ORD-1139,342.25,2025-03-18T16:31:51.999Z,CUST-472,honest
ORD-1140,525.71,2025-03-08T16:31:51.999Z,CUST-308,honest
ORD-1141,1118.25,2025-04-25T16:31:51.999Z,CUST-482,honest
ORD-1142,189.71,2025-08-07T16:31:51.999Z,CUST-114,honest
ORD-1143,4278.9,2025-04-06T16:31:51.999Z,CUST-95,honest
ORD-1144,27.51,2025-05-03T16:31:51.999Z,CUST-11,honest
ORD-1145,251.57,2025-03-18T16:31:51.999Z,CUST-392,honest
ORD-1146,778.91,2025-06-23T16:31:51.999Z,CUST-403,honest
ORD-1147,4689.79,2025-02-03T16:31:51.999Z,CUST-51,honest
ORD-1148,7909.48,2025-09-18T16:31:51.999Z,CUST-59,honest
ORD-1149,80.46,2025-06-16T16:31:51.999Z,CUST-128,honest
ORD-1150,2261.08,2025-06-16T16:31:51.999Z,CUST-366,honest
ORD-1151,45.36,2025-02-08T16:31:51.999Z,CUST-209,honest
ORD-1152,3168.74,2025-05-22T16:31:51.999Z,CUST-406,honest
ORD-1153,53.42,2025-06-26T16:31:51.999Z,CUST-199,honest
ORD-1154,25.43,2025-01-16T16:31:51.999Z,CUST-197,honest
ORD-1155,274.91,2025-02-16T16:31:51.999Z,CUST-273,honest
ORD-1156,40.87,2025-04-01T16:31:51.999Z,CUST-34,honest
ORD-1157,2398.33,2025-07-19T16:31:51.999Z,CUST-268,honest
ORD-1158,34.64,2025-10-01T16:31:51.999Z,CUST-272,honest
ORD-1159,55.33,2025-05-10T16:31:51.999Z,CUST-188,honest
ORD-1160,10.1,2025-03-20T16:31:51.999Z,CUST-62,honest
ORD-1161,124.33,2025-05-11T16:31:51.999Z,CUST-397,honest
ORD-1162,165.11,2025-06-16T16:31:51.999Z,CUST-356,honest
ORD-1163,133.77,2025-09-11T16:31:51.999Z,CUST-471,honest
ORD-1164,139.84,2025-05-13T16:31:51.999Z,CUST-67,honest
ORD-1165,60.28,2025-08-30T16:31:51.999Z,CUST-49,honest
ORD-1166,2141.63,2025-02-07T16:31:51.999Z,CUST-142,honest
ORD-1167,78.97,2025-01-25T16:31:51.999Z,CUST-429,honest
ORD-1168,72.91,2025-10-20T16:31:51.999Z,CUST-260,honest
ORD-1169,11.92,2025-04-15T16:31:51.999Z,CUST-458,honest
ORD-1170,17.05,2025-09-26T16:31:51.999Z,CUST-419,honest
ORD-1171,216.94,2025-04-20T16:31:51.999Z,CUST-348,honest
ORD-1172,66.48,2025-09-10T16:31:51.999Z,CUST-448,honest
ORD-1173,62.51,2025-10-30T16:31:51.999Z,CUST-138,honest
ORD-1174,790.74,2026-01-04T16:31:51.999Z,CUST-375,honest
ORD-1175,5668.14,2025-08-23T16:31:51.999Z,CUST-65,honest
ORD-1176,79.45,2025-02-11T16:31:51.999Z,CUST-245,honest
ORD-1177,1418.61,2025-06-30T16:31:51.999Z,CUST-394,honest
ORD-1178,7524.31,2025-02-14T16:31:51.999Z,CUST-369,honest
ORD-1179,6121.54,2025-04-20T16:31:51.999Z,CUST-408,honest
ORD-1180,10.21,2025-04-02T16:31:51.999Z,CUST-306,honest
ORD-1181,43.73,2025-11-20T16:31:51.999Z,CUST-23,honest
ORD-1182,20.18,2025-03-09T16:31:51.999Z,CUST-31,honest
ORD-1183,1809.2,2025-08-04T16:31:51.999Z,CUST-155,honest
ORD-1184,270.1,2025-02-20T16:31:51.999Z,CUST-68,honest
ORD-1185,2442.89,2025-06-13T16:31:51.999Z,CUST-78,honest
ORD-1186,12.3,2025-01-10T16:31:51.999Z,CUST-233,honest
ORD-1187,2955.35,2025-05-07T16:31:51.999Z,CUST-230,honest
ORD-1188,37.55,2025-06-28T16:31:51.999Z,CUST-158,honest
ORD-1189,113.5,2025-02-10T16:31:51.999Z,CUST-237,honest
ORD-1190,438.54,2025-11-10T16:31:51.999Z,CUST-304,honest
ORD-1191,1287.09,2025-02-21T16:31:51.999Z,CUST-341,honest
ORD-1192,18.55,2025-08-29T16:31:51.999Z,CUST-58,honest
ORD-1193,181.98,2025-06-03T16:31:51.999Z,CUST-394,honest
ORD-1194,7838.55,2025-03-12T16:31:51.999Z,CUST-277,honest
ORD-1195,11.02,2025-01-13T16:31:51.999Z,CUST-291,honest
ORD-1196,154.49,2025-10-08T16:31:51.999Z,CUST-260,honest
ORD-1197,277.99,2025-03-02T16:31:51.999Z,CUST-380,honest
ORD-1198,1305.51,2025-01-18T16:31:51.999Z,CUST-482,honest
ORD-1199,248.05,2025-07-18T16:31:51.999Z,CUST-63,honest
ORD-1200,2917.57,2025-12-11T16:31:51.999Z,CUST-271,honest
ORD-1201,1191.72,2025-04-04T16:31:51.999Z,CUST-51,honest
ORD-1202,85.46,2025-05-20T16:31:51.999Z,CUST-317,honest
ORD-1203,1680.31,2025-05-20T16:31:51.999Z,CUST-409,honest
ORD-1204,2283.35,2025-04-01T16:31:51.999Z,CUST-272,honest
ORD-1205,3372.32,2025-01-22T16:31:51.999Z,CUST-255,honest
ORD-1206,5551.27,2025-04-06T16:31:51.999Z,CUST-117,honest
ORD-1207,9058.31,2025-04-22T16:31:51.999Z,CUST-463,honest
ORD-1208,1864.06,2025-02-15T16:31:51.999Z,CUST-313,honest
ORD-1209,240.93,2025-12-13T16:31:51.999Z,CUST-225,honest
ORD-1210,3381.94,2025-05-09T16:31:51.999Z,CUST-36,honest
ORD-1211,431.39,2025-05-15T16:31:51.999Z,CUST-308,honest
ORD-1212,74.83,2025-04-18T16:31:51.999Z,CUST-483,honest
ORD-1213,2226.48,2025-02-08T16:31:51.999Z,CUST-102,honest
ORD-1214,207.04,2025-01-28T16:31:51.999Z,CUST-333,honest
ORD-1215,492.96,2025-04-18T16:31:51.999Z,CUST-451,honest
ORD-1216,57.6,2025-06-06T16:31:51.999Z,CUST-90,honest
ORD-1217,33.94,2025-04-08T16:31:51.999Z,CUST-160,honest
ORD-1218,360.67,2025-03-12T16:31:51.999Z,CUST-308,honest
ORD-1219,23.16,2025-10-02T16:31:51.999Z,CUST-40,honest
ORD-1220,4475.51,2025-10-18T16:31:51.999Z,CUST-260,honest
ORD-1221,5707.48,2025-07-29T16:31:51.999Z,CUST-379,honest
ORD-1222,41.47,2025-04-05T16:31:52.000Z,CUST-55,honest
ORD-1223,3873.01,2025-04-06T16:31:52.000Z,CUST-121,honest
ORD-1224,131.73,2025-04-28T16:31:52.000Z,CUST-415,honest
ORD-1225,33.47,2025-05-13T16:31:52.000Z,CUST-320,honest
ORD-1226,1312.55,2025-03-06T16:31:52.000Z,CUST-173,honest
ORD-1227,95.53,2025-09-23T16:31:52.000Z,CUST-411,honest
ORD-1228,57.01,2025-01-29T16:31:52.000Z,CUST-450,honest
ORD-1229,558.48,2025-12-01T16:31:52.000Z,CUST-465,honest
ORD-1230,3041.26,2025-08-28T16:31:52.000Z,CUST-128,honest
ORD-1231,134.01,2025-02-06T16:31:52.000Z,CUST-81,honest
ORD-1232,5535.66,2025-07-23T16:31:52.000Z,CUST-327,honest
ORD-1233,541.09,2025-02-19T16:31:52.000Z,CUST-409,honest
ORD-1234,559.98,2025-08-28T16:31:52.000Z,CUST-385,honest
ORD-1235,1849.71,2025-06-25T16:31:52.000Z,CUST-185,honest
ORD-1236,4245.97,2025-08-16T16:31:52.000Z,CUST-222,honest
ORD-1237,2935.93,2025-05-18T16:31:52.000Z,CUST-104,honest
ORD-1238,453.14,2025-08-09T16:31:52.000Z,CUST-430,honest
ORD-1239,30.15,2025-04-20T16:31:52.000Z,CUST-301,honest
ORD-1240,15.4,2025-12-07T16:31:52.000Z,CUST-285,honest
ORD-1241,456.52,2025-02-26T16:31:52.000Z,CUST-364,honest
ORD-1242,756.99,2025-11-30T16:31:52.000Z,CUST-480,honest
ORD-1243,1947.47,2025-09-16T16:31:52.000Z,CUST-358,honest
ORD-1244,146.86,2025-02-23T16:31:52.000Z,CUST-497,honest
ORD-1245,220.99,2025-06-15T16:31:52.000Z,CUST-278,honest
ORD-1246,1409.5,2025-11-22T16:31:52.000Z,CUST-157,honest
ORD-1247,2346.26,2025-03-03T16:31:52.000Z,CUST-446,honest
ORD-1248,921.9,2025-05-24T16:31:52.000Z,CUST-16,honest
ORD-1249,13.35,2025-01-31T16:31:52.000Z,CUST-108,honest
ORD-1250,2645.78,2025-08-27T16:31:52.000Z,CUST-131,honest
ORD-1251,213.91,2025-01-07T16:31:52.000Z,CUST-82,honest
ORD-1252,21.05,2025-06-08T16:31:52.000Z,CUST-309,honest
ORD-1253,433.28,2025-03-31T16:31:52.000Z,CUST-220,honest
ORD-1254,4222.48,2025-03-20T16:31:52.000Z,CUST-331,honest
ORD-1255,335.24,2025-10-19T16:31:52.000Z,CUST-233,honest
ORD-1256,18.07,2025-05-07T16:31:52.000Z,CUST-321,honest
ORD-1257,1244.89,2025-02-23T16:31:52.000Z,CUST-235,honest
ORD-1258,23.03,2025-03-26T16:31:52.000Z,CUST-121,honest
ORD-1259,2149.86,2025-03-18T16:31:52.000Z,CUST-111,honest
ORD-1260,12.64,2025-11-21T16:31:52.000Z,CUST-433,honest
ORD-1261,86.28,2025-11-22T16:31:52.000Z,CUST-42,honest
ORD-1262,2925.23,2025-10-07T16:31:52.000Z,CUST-71,honest
ORD-1263,6159.93,2025-08-16T16:31:52.000Z,CUST-83,honest
ORD-1264,70.44,2025-01-18T16:31:52.000Z,CUST-30,honest
ORD-1265,5851.26,2025-07-17T16:31:52.000Z,CUST-256,honest
ORD-1266,48.06,2025-01-25T16:31:52.000Z,CUST-417,honest
ORD-1267,1157.22,2025-05-19T16:31:52.000Z,CUST-477,honest
ORD-1268,1115.98,2025-07-23T16:31:52.000Z,CUST-184,honest
ORD-1269,19.28,2025-03-21T16:31:52.000Z,CUST-220,honest
ORD-1270,3906.41,2025-05-08T16:31:52.000Z,CUST-78,honest
ORD-1271,786.02,2025-07-28T16:31:52.000Z,CUST-325,honest
ORD-1272,975.8,2025-08-29T16:31:52.000Z,CUST-91,honest
ORD-1273,5712.18,2025-12-12T16:31:52.000Z,CUST-50,honest
ORD-1274,459.36,2025-05-28T16:31:52.000Z,CUST-113,honest
ORD-1275,41.52,2025-04-26T16:31:52.000Z,CUST-18,honest
ORD-1276,24.11,2025-06-08T16:31:52.000Z,CUST-28,honest
ORD-1277,168.04,2025-05-02T16:31:52.000Z,CUST-379,honest
ORD-1278,397.39,2025-09-03T16:31:52.000Z,CUST-60,honest
ORD-1279,590.84,2025-10-22T16:31:52.000Z,CUST-409,honest
ORD-1280,26.57,2025-12-13T16:31:52.000Z,CUST-348,honest
ORD-1281,1750.15,2025-12-17T16:31:52.000Z,CUST-495,honest
ORD-1282,4045.21,2025-07-05T16:31:52.000Z,CUST-273,honest
ORD-1283,26.56,2025-11-24T16:31:52.000Z,CUST-140,honest
ORD-1284,938.14,2025-09-25T16:31:52.000Z,CUST-362,honest
ORD-1285,455.95,2025-10-21T16:31:52.000Z,CUST-461,honest
ORD-1286,764.84,2025-03-20T16:31:52.000Z,CUST-100,honest
ORD-1287,277.23,2025-02-21T16:31:52.000Z,CUST-337,honest
ORD-1288,203.83,2025-01-11T16:31:52.000Z,CUST-332,honest
ORD-1289,19.48,2025-05-25T16:31:52.000Z,CUST-186,honest
ORD-1290,378.93,2025-10-18T16:31:52.000Z,CUST-51,honest
ORD-1291,268.19,2025-06-30T16:31:52.000Z,CUST-221,honest
ORD-1292,12.45,2025-10-23T16:31:52.000Z,CUST-411,honest
ORD-1293,1709.74,2025-09-11T16:31:52.000Z,CUST-69,honest
ORD-1294,36.71,2025-09-19T16:31:52.000Z,CUST-85,honest
ORD-1295,271.7,2025-01-27T16:31:52.000Z,CUST-1,honest
ORD-1296,791.39,2025-01-15T16:31:52.000Z,CUST-224,honest
ORD-1297,4906.32,2025-12-05T16:31:52.000Z,CUST-252,honest
ORD-1298,820.15,2025-01-26T16:31:52.000Z,CUST-100,honest
ORD-1299,3865.56,2025-12-04T16:31:52.000Z,CUST-96,honest
ORD-1300,111.44,2025-05-04T16:31:52.000Z,CUST-379,honest
ORD-1301,485.55,2025-06-18T16:31:52.000Z,CUST-135,honest
ORD-1302,2675.76,2025-01-28T16:31:52.000Z,CUST-260,honest
ORD-1303,398.29,2025-10-06T16:31:52.000Z,CUST-155,honest
ORD-1304,2075.19,2025-05-03T16:31:52.000Z,CUST-155,honest
ORD-1305,589.57,2025-08-29T16:31:52.000Z,CUST-94,honest
ORD-1306,1185.48,2025-10-12T16:31:52.000Z,CUST-487,honest
ORD-1307,14.27,2025-05-04T16:31:52.000Z,CUST-221,honest
ORD-1308,39.89,2025-10-05T16:31:52.000Z,CUST-88,honest
ORD-1309,545.57,2025-12-12T16:31:52.000Z,CUST-415,honest
ORD-1310,1401.96,2025-09-23T16:31:52.000Z,CUST-297,honest
ORD-1311,9648.44,2025-06-08T16:31:52.000Z,CUST-272,honest
ORD-1312,1481.24,2025-08-13T16:31:52.000Z,CUST-99,honest
ORD-1313,922.11,2025-08-14T16:31:52.000Z,CUST-191,honest
ORD-1314,80.93,2025-11-13T16:31:52.000Z,CUST-20,honest
ORD-1315,359.16,2025-12-28T16:31:52.000Z,CUST-240,honest
ORD-1316,192.01,2025-09-03T16:31:52.000Z,CUST-88,honest
ORD-1317,1585.93,2025-01-24T16:31:52.000Z,CUST-408,honest
ORD-1318,264.71,2025-12-06T16:31:52.000Z,CUST-334,honest
ORD-1319,87.77,2025-04-28T16:31:52.000Z,CUST-182,honest
ORD-1320,4414.55,2025-08-28T16:31:52.000Z,CUST-415,honest
ORD-1321,3618.5,2025-06-20T16:31:52.000Z,CUST-384,honest
ORD-1322,3897.89,2025-06-10T16:31:52.000Z,CUST-23,honest
ORD-1323,9948.2,2025-03-27T16:31:52.000Z,CUST-1,honest
ORD-1324,26.32,2025-12-09T16:31:52.000Z,CUST-42,honest
ORD-1325,1170.69,2025-11-25T16:31:52.000Z,CUST-492,honest
ORD-1326,2917.34,2025-11-25T16:31:52.000Z,CUST-29,honest
ORD-1327,3447.95,2025-01-18T16:31:52.000Z,CUST-493,honest
ORD-1328,2279.53,2025-10-02T16:31:52.000Z,CUST-101,honest
ORD-1329,1381.44,2025-04-02T16:31:52.000Z,CUST-413,honest
ORD-1330,36.54,2025-04-08T16:31:52.000Z,CUST-65,honest
ORD-1331,22.67,2025-05-01T16:31:52.000Z,CUST-67,honest
ORD-1332,801.88,2025-02-21T16:31:52.000Z,CUST-16,honest
ORD-1333,574.74,2025-12-27T16:31:52.000Z,CUST-112,honest
ORD-1334,1526.18,2025-06-14T16:31:52.000Z,CUST-366,honest
ORD-1335,158.36,2025-11-11T16:31:52.000Z,CUST-353,honest
ORD-1336,1721.86,2025-12-31T16:31:52.000Z,CUST-191,honest
ORD-1337,20.68,2025-12-25T16:31:52.000Z,CUST-472,honest
ORD-1338,1833.34,2025-07-28T16:31:52.000Z,CUST-13,honest
ORD-1339,8276.81,2025-10-15T16:31:52.000Z,CUST-85,honest
ORD-1340,6922.35,2025-04-03T16:31:52.000Z,CUST-484,honest
ORD-1341,1015.23,2025-05-19T16:31:52.001Z,CUST-449,honest
ORD-1342,1088.64,2025-02-04T16:31:52.001Z,CUST-469,honest
ORD-1343,8210.74,2025-10-07T16:31:52.001Z,CUST-101,honest
ORD-1344,17.94,2025-02-12T16:31:52.001Z,CUST-433,honest
ORD-1345,117.19,2025-07-01T16:31:52.001Z,CUST-397,honest
ORD-1346,26.38,2025-07-18T16:31:52.001Z,CUST-238,honest
ORD-1347,1298.69,2025-10-16T16:31:52.001Z,CUST-403,honest
ORD-1348,17.17,2025-10-12T16:31:52.001Z,CUST-88,honest
ORD-1349,2763.01,2025-04-03T16:31:52.001Z,CUST-371,honest
ORD-1350,2861.52,2025-12-10T16:31:52.001Z,CUST-299,honest
ORD-1351,26.85,2025-09-24T16:31:52.001Z,CUST-399,honest
ORD-1352,457.56,2025-09-07T16:31:52.001Z,CUST-93,honest
ORD-1353,2749.38,2025-03-27T16:31:52.001Z,CUST-86,honest
ORD-1354,345.11,2025-05-27T16:31:52.001Z,CUST-83,honest
ORD-1355,375.76,2025-03-29T16:31:52.001Z,CUST-9,honest
ORD-1356,8020.97,2025-04-29T16:31:52.001Z,CUST-392,honest
ORD-1357,69.73,2025-02-20T16:31:52.001Z,CUST-207,honest
ORD-1358,190.16,2025-02-12T16:31:52.001Z,CUST-201,honest
ORD-1359,2078.97,2025-11-10T16:31:52.001Z,CUST-125,honest
ORD-1360,3519.18,2025-02-02T16:31:52.001Z,CUST-76,honest
ORD-1361,4456.23,2025-08-12T16:31:52.001Z,CUST-212,honest
ORD-1362,1761.52,2025-08-20T16:31:52.001Z,CUST-357,honest
ORD-1363,11.67,2025-10-09T16:31:52.001Z,CUST-439,honest
ORD-1364,274.79,2025-07-05T16:31:52.001Z,CUST-281,honest
ORD-1365,34.46,2025-01-28T16:31:52.001Z,CUST-298,honest
ORD-1366,1525.6,2025-12-27T16:31:52.001Z,CUST-250,honest
ORD-1367,4337.13,2025-12-23T16:31:52.001Z,CUST-228,honest
ORD-1368,464.29,2025-09-15T16:31:52.001Z,CUST-344,honest
ORD-1369,1333.38,2025-09-20T16:31:52.001Z,CUST-210,honest
ORD-1370,118.18,2025-02-01T16:31:52.001Z,CUST-427,honest
ORD-1371,2889.63,2025-05-15T16:31:52.001Z,CUST-414,honest
ORD-1372,2530.19,2025-02-04T16:31:52.001Z,CUST-256,honest
ORD-1373,50.71,2025-02-06T16:31:52.001Z,CUST-448,honest
ORD-1374,5137.09,2025-05-27T16:31:52.001Z,CUST-357,honest
ORD-1375,28.84,2025-12-01T16:31:52.001Z,CUST-391,honest
ORD-1376,1331.94,2025-04-22T16:31:52.001Z,CUST-403,honest
ORD-1377,106.97,2025-08-13T16:31:52.001Z,CUST-485,honest
ORD-1378,2313.95,2025-06-14T16:31:52.001Z,CUST-331,honest
ORD-1379,1622.49,2025-12-30T16:31:52.001Z,CUST-291,honest
ORD-1380,6534.05,2025-10-14T16:31:52.001Z,CUST-263,honest
ORD-1381,15.53,2025-06-05T16:31:52.001Z,CUST-349,honest
ORD-1382,2843.77,2025-10-15T16:31:52.001Z,CUST-425,honest
ORD-1383,1564.9,2025-09-19T16:31:52.001Z,CUST-247,honest
ORD-1384,1930.7,2025-09-26T16:31:52.001Z,CUST-162,honest
ORD-1385,145.58,2025-12-11T16:31:52.001Z,CUST-115,honest
ORD-1386,183.75,2025-04-06T16:31:52.001Z,CUST-414,honest
ORD-1387,104.97,2025-12-04T16:31:52.001Z,CUST-23,honest
ORD-1388,52.91,2025-07-21T16:31:52.001Z,CUST-349,honest
ORD-1389,11.09,2025-05-10T16:31:52.001Z,CUST-109,honest
ORD-1390,4747.24,2025-01-16T16:31:52.001Z,CUST-346,honest
ORD-1391,275.83,2025-09-25T16:31:52.001Z,CUST-495,honest
ORD-1392,181.55,2025-09-27T16:31:52.001Z,CUST-459,honest
ORD-1393,4251.24,2025-10-26T16:31:52.001Z,CUST-39,honest
ORD-1394,3448.58,2025-07-12T16:31:52.001Z,CUST-131,honest
ORD-1395,3599.74,2025-04-09T16:31:52.001Z,CUST-0,honest
ORD-1396,349.66,2025-04-20T16:31:52.001Z,CUST-493,honest
ORD-1397,16.59,2025-09-19T16:31:52.001Z,CUST-368,honest
ORD-1398,1869.2,2025-09-01T16:31:52.001Z,CUST-123,honest
ORD-1399,5602.74,2025-05-05T16:31:52.001Z,CUST-407,honest
ORD-1400,11.55,2025-05-29T16:31:52.001Z,CUST-335,honest
ORD-1401,464.11,2026-01-03T16:31:52.001Z,CUST-374,honest
ORD-1402,6922.5,2025-03-24T16:31:52.001Z,CUST-241,honest
ORD-1403,8266.49,2025-12-24T16:31:52.001Z,CUST-309,honest
ORD-1404,660.7,2025-09-07T16:31:52.001Z,CUST-425,honest
ORD-1405,1135.25,2025-12-14T16:31:52.001Z,CUST-239,honest
ORD-1406,299.88,2025-08-28T16:31:52.001Z,CUST-15,honest
ORD-1407,5959.99,2025-11-10T16:31:52.001Z,CUST-2,honest
ORD-1408,4907.61,2025-05-12T16:31:52.001Z,CUST-453,honest
ORD-1409,26.41,2025-07-30T16:31:52.001Z,CUST-166,honest
ORD-1410,762.77,2025-07-31T16:31:52.001Z,CUST-329,honest
ORD-1411,730.31,2025-07-04T16:31:52.001Z,CUST-166,honest
ORD-1412,37.61,2025-11-14T16:31:52.001Z,CUST-480,honest
ORD-1413,867.61,2025-05-25T16:31:52.001Z,CUST-83,honest
ORD-1414,93.09,2025-03-21T16:31:52.001Z,CUST-325,honest
ORD-1415,584.1,2025-04-01T16:31:52.001Z,CUST-412,honest
ORD-1416,7396.08,2025-07-22T16:31:52.001Z,CUST-296,honest
ORD-1417,105.45,2025-04-07T16:31:52.001Z,CUST-288,honest
ORD-1418,265.48,2025-06-20T16:31:52.001Z,CUST-327,honest
ORD-1419,180.58,2025-02-27T16:31:52.001Z,CUST-89,honest
ORD-1420,3285.1,2025-08-18T16:31:52.001Z,CUST-13,honest
ORD-1421,10.53,2025-11-14T16:31:52.001Z,CUST-19,honest
ORD-1422,84.12,2025-03-01T16:31:52.001Z,CUST-0,honest
ORD-1423,2018.85,2025-12-29T16:31:52.001Z,CUST-158,honest
ORD-1424,77.13,2025-01-09T16:31:52.001Z,CUST-104,honest
ORD-1425,2537.29,2025-12-15T16:31:52.001Z,CUST-362,honest
ORD-1426,177.43,2025-09-04T16:31:52.001Z,CUST-499,honest
ORD-1427,270.01,2025-05-04T16:31:52.001Z,CUST-493,honest
ORD-1428,9171.36,2025-12-01T16:31:52.001Z,CUST-213,honest
ORD-1429,9713.72,2025-12-03T16:31:52.001Z,CUST-86,honest
ORD-1430,338.94,2025-12-23T16:31:52.001Z,CUST-86,honest
ORD-1431,1218.36,2025-09-29T16:31:52.001Z,CUST-253,honest
ORD-1432,13.17,2025-07-29T16:31:52.001Z,CUST-112,honest
ORD-1433,7255.46,2025-05-31T16:31:52.001Z,CUST-348,honest
ORD-1434,3512.48,2025-02-21T16:31:52.001Z,CUST-452,honest
ORD-1435,866.58,2025-06-14T16:31:52.001Z,CUST-223,honest
ORD-1436,7704.39,2025-03-10T16:31:52.001Z,CUST-352,honest
ORD-1437,1976.81,2025-05-21T16:31:52.001Z,CUST-168,honest
ORD-1438,5121.38,2025-05-01T16:31:52.001Z,CUST-382,honest
ORD-1439,7678.81,2025-08-23T16:31:52.001Z,CUST-72,honest
ORD-1440,210.13,2025-09-04T16:31:52.001Z,CUST-99,honest
ORD-1441,67.5,2025-06-25T16:31:52.001Z,CUST-81,honest
ORD-1442,734.78,2025-02-10T16:31:52.001Z,CUST-479,honest
ORD-1443,74.03,2025-05-16T16:31:52.001Z,CUST-205,honest
ORD-1444,1815.75,2025-10-27T16:31:52.001Z,CUST-340,honest
ORD-1445,22.88,2025-10-19T16:31:52.001Z,CUST-389,honest
ORD-1446,15.31,2025-02-16T16:31:52.001Z,CUST-404,honest
ORD-1447,5490.69,2025-03-25T16:31:52.001Z,CUST-149,honest
ORD-1448,580.87,2025-07-30T16:31:52.001Z,CUST-169,honest
ORD-1449,14.92,2025-10-10T16:31:52.001Z,CUST-458,honest
ORD-1450,8870.38,2025-06-19T16:31:52.001Z,CUST-201,honest
ORD-1451,822.39,2025-07-07T16:31:52.001Z,CUST-113,honest
ORD-1452,1454.72,2025-12-03T16:31:52.001Z,CUST-396,honest
ORD-1453,18.6,2025-04-01T16:31:52.001Z,CUST-139,honest
ORD-1454,1877.46,2025-08-23T16:31:52.001Z,CUST-385,honest
ORD-1455,2387.35,2025-12-26T16:31:52.001Z,CUST-21,honest
ORD-1456,51.07,2025-12-26T16:31:52.001Z,CUST-286,honest
ORD-1457,584.3,2025-03-24T16:31:52.001Z,CUST-164,honest
ORD-1458,494.14,2026-01-03T16:31:52.001Z,CUST-35,honest
ORD-1459,272.21,2025-09-17T16:31:52.001Z,CUST-250,honest
ORD-1460,5080.79,2025-06-09T16:31:52.002Z,CUST-169,honest
ORD-1461,1006.66,2025-04-12T16:31:52.002Z,CUST-147,honest
ORD-1462,1487.37,2025-08-15T16:31:52.002Z,CUST-424,honest
ORD-1463,766.2,2025-12-11T16:31:52.002Z,CUST-376,honest
ORD-1464,3233.65,2025-10-25T16:31:52.002Z,CUST-71,honest
ORD-1465,2167.84,2025-02-23T16:31:52.002Z,CUST-80,honest
ORD-1466,201.19,2025-11-19T16:31:52.002Z,CUST-372,honest
ORD-1467,109.47,2025-11-24T16:31:52.002Z,CUST-93,honest
ORD-1468,298.52,2025-11-01T16:31:52.002Z,CUST-1,honest
ORD-1469,38.11,2025-11-29T16:31:52.002Z,CUST-356,honest
ORD-1470,273.29,2025-05-11T16:31:52.002Z,CUST-285,honest
ORD-1471,2714.49,2025-01-28T16:31:52.002Z,CUST-410,honest
ORD-1472,237.21,2025-07-31T16:31:52.002Z,CUST-306,honest
ORD-1473,479.09,2025-12-22T16:31:52.002Z,CUST-443,honest
ORD-1474,249.76,2025-07-03T16:31:52.002Z,CUST-293,honest
ORD-1475,49.94,2025-07-09T16:31:52.002Z,CUST-339,honest
ORD-1476,75.04,2025-05-03T16:31:52.002Z,CUST-239,honest
ORD-1477,3411,2025-07-29T16:31:52.002Z,CUST-4,honest
ORD-1478,255.15,2025-12-13T16:31:52.002Z,CUST-173,honest
ORD-1479,143.16,2025-11-23T16:31:52.002Z,CUST-484,honest
ORD-1480,63.73,2025-06-22T16:31:52.002Z,CUST-366,honest
ORD-1481,1129.02,2025-04-01T16:31:52.002Z,CUST-43,honest
ORD-1482,1285.66,2025-08-28T16:31:52.002Z,CUST-62,honest
ORD-1483,240.09,2025-04-21T16:31:52.002Z,CUST-425,honest
ORD-1484,2115.94,2025-06-20T16:31:52.002Z,CUST-308,honest
ORD-1485,200.92,2025-07-28T16:31:52.002Z,CUST-50,honest
ORD-1486,6162.52,2025-06-22T16:31:52.002Z,CUST-199,honest
ORD-1487,29.35,2025-09-06T16:31:52.002Z,CUST-16,honest
ORD-1488,75.94,2025-09-27T16:31:52.002Z,CUST-26,honest
ORD-1489,715.67,2025-12-30T16:31:52.002Z,CUST-450,honest
ORD-1490,2477.45,2025-07-13T16:31:52.002Z,CUST-244,honest
ORD-1491,242.04,2025-10-02T16:31:52.002Z,CUST-167,honest
ORD-1492,382.87,2025-08-22T16:31:52.002Z,CUST-329,honest
ORD-1493,11.78,2025-02-10T16:31:52.002Z,CUST-62,honest
ORD-1494,11.17,2025-02-28T16:31:52.002Z,CUST-451,honest
ORD-1495,194.86,2025-05-19T16:31:52.002Z,CUST-350,honest
ORD-1496,402.01,2025-03-20T16:31:52.002Z,CUST-48,honest
ORD-1497,214.12,2025-01-06T16:31:52.002Z,CUST-493,honest
ORD-1498,274.66,2025-03-12T16:31:52.002Z,CUST-153,honest
ORD-1499,6028.5,2025-10-25T16:31:52.002Z,CUST-203,honest
ORD-1500,3590.51,2025-03-02T16:31:52.002Z,CUST-260,honest
ORD-1501,864.64,2025-07-16T16:31:52.002Z,CUST-441,honest
ORD-1502,10.45,2025-07-08T16:31:52.002Z,CUST-298,honest
ORD-1503,1653.93,2025-12-23T16:31:52.002Z,CUST-88,honest
ORD-1504,1120.33,2025-06-25T16:31:52.002Z,CUST-486,honest
ORD-1505,157.82,2025-03-11T16:31:52.002Z,CUST-30,honest
ORD-1506,177.53,2025-09-14T16:31:52.002Z,CUST-50,honest
ORD-1507,5886.62,2025-03-16T16:31:52.002Z,CUST-10,honest
ORD-1508,47.96,2025-09-21T16:31:52.002Z,CUST-175,honest
ORD-1509,25.07,2025-11-01T16:31:52.002Z,CUST-312,honest
ORD-1510,235.94,2025-08-12T16:31:52.002Z,CUST-267,honest
ORD-1511,4336.14,2025-11-23T16:31:52.002Z,CUST-473,honest
ORD-1512,4708.13,2025-11-20T16:31:52.002Z,CUST-66,honest
ORD-1513,295.15,2025-06-22T16:31:52.002Z,CUST-384,honest
ORD-1514,381.58,2025-11-13T16:31:52.002Z,CUST-347,honest
ORD-1515,349.59,2026-01-05T16:31:52.002Z,CUST-130,honest
ORD-1516,2272.92,2025-01-21T16:31:52.002Z,CUST-282,honest
ORD-1517,1663.29,2025-06-23T16:31:52.002Z,CUST-173,honest
ORD-1518,858.76,2025-07-29T16:31:52.002Z,CUST-202,honest
ORD-1519,442.05,2025-11-29T16:31:52.002Z,CUST-250,honest
ORD-1520,163.18,2025-11-17T16:31:52.002Z,CUST-159,honest
ORD-1521,72.65,2025-12-22T16:31:52.002Z,CUST-370,honest
ORD-1522,1593.24,2025-07-10T16:31:52.002Z,CUST-387,honest
ORD-1523,451.91,2025-04-12T16:31:52.002Z,CUST-338,honest
ORD-1524,904.29,2025-12-17T16:31:52.002Z,CUST-239,honest
ORD-1525,213.31,2025-06-05T16:31:52.002Z,CUST-369,honest
ORD-1526,2298.42,2025-09-07T16:31:52.002Z,CUST-92,honest
ORD-1527,251.31,2025-06-19T16:31:52.002Z,CUST-327,honest
ORD-1528,662.58,2025-02-22T16:31:52.002Z,CUST-151,honest
ORD-1529,21.67,2025-05-29T16:31:52.002Z,CUST-120,honest
ORD-1530,2729.89,2025-02-13T16:31:52.002Z,CUST-95,honest
ORD-1531,32.79,2025-05-07T16:31:52.002Z,CUST-211,honest
ORD-1532,60.4,2025-02-26T16:31:52.002Z,CUST-116,honest
ORD-1533,150.22,2025-10-08T16:31:52.002Z,CUST-56,honest
ORD-1534,9390.23,2025-03-24T16:31:52.002Z,CUST-5,honest
ORD-1535,16.09,2025-07-16T16:31:52.002Z,CUST-292,honest
ORD-1536,10.6,2025-01-20T16:31:52.002Z,CUST-393,honest
ORD-1537,342.9,2025-08-07T16:31:52.002Z,CUST-80,honest
ORD-1538,694.13,2025-06-08T16:31:52.002Z,CUST-20,honest
ORD-1539,192.07,2025-11-13T16:31:52.002Z,CUST-52,honest
ORD-1540,1102.69,2025-09-04T16:31:52.002Z,CUST-159,honest
ORD-1541,7681.05,2025-10-09T16:31:52.002Z,CUST-320,honest
ORD-1542,56.13,2025-08-28T16:31:52.002Z,CUST-431,honest
ORD-1543,721.45,2025-03-31T16:31:52.002Z,CUST-461,honest
ORD-1544,95.69,2025-11-25T16:31:52.002Z,CUST-373,honest
ORD-1545,36.89,2025-09-02T16:31:52.002Z,CUST-488,honest
ORD-1546,74.93,2025-06-04T16:31:52.002Z,CUST-162,honest
ORD-1547,1361.35,2025-03-14T16:31:52.002Z,CUST-71,honest
ORD-1548,570.16,2025-03-24T16:31:52.002Z,CUST-79,honest
ORD-1549,229.54,2025-09-26T16:31:52.002Z,CUST-319,honest
ORD-1550,173.28,2025-11-09T16:31:52.002Z,CUST-352,honest
ORD-1551,7689.88,2025-11-27T16:31:52.002Z,CUST-82,honest
ORD-1552,49.06,2025-01-11T16:31:52.002Z,CUST-344,honest
ORD-1553,21.64,2025-06-12T16:31:52.002Z,CUST-188,honest
ORD-1554,185.06,2025-10-20T16:31:52.002Z,CUST-476,honest
ORD-1555,10.36,2025-01-30T16:31:52.002Z,CUST-469,honest
ORD-1556,104.4,2025-10-14T16:31:52.002Z,CUST-205,honest
ORD-1557,473.37,2025-08-31T16:31:52.002Z,CUST-58,honest
ORD-1558,21,2025-02-17T16:31:52.002Z,CUST-452,honest
ORD-1559,436.29,2025-05-17T16:31:52.002Z,CUST-398,honest
ORD-1560,9966.75,2025-10-12T16:31:52.002Z,CUST-165,honest
ORD-1561,36.12,2025-07-03T16:31:52.002Z,CUST-310,honest
ORD-1562,6605.09,2025-09-19T16:31:52.002Z,CUST-394,honest
ORD-1563,1744.54,2025-06-29T16:31:52.002Z,CUST-140,honest
ORD-1564,4408.11,2025-12-02T16:31:52.002Z,CUST-418,honest
ORD-1565,25.68,2025-08-29T16:31:52.002Z,CUST-376,honest
ORD-1566,7278.6,2025-09-15T16:31:52.002Z,CUST-214,honest
ORD-1567,74.76,2025-11-24T16:31:52.002Z,CUST-169,honest
ORD-1568,1647.84,2025-09-22T16:31:52.002Z,CUST-450,honest
ORD-1569,935.48,2025-11-15T16:31:52.002Z,CUST-27,honest
ORD-1570,1540.41,2025-04-04T16:31:52.002Z,CUST-461,honest
ORD-1571,2825.3,2025-10-30T16:31:52.002Z,CUST-352,honest
ORD-1572,528.31,2025-05-01T16:31:52.002Z,CUST-10,honest
ORD-1573,49.24,2025-11-01T16:31:52.002Z,CUST-83,honest
ORD-1574,115.2,2025-05-12T16:31:52.002Z,CUST-483,honest
ORD-1575,45.88,2025-04-16T16:31:52.002Z,CUST-48,honest
ORD-1576,8102.66,2025-05-23T16:31:52.002Z,CUST-133,honest
ORD-1577,1745.26,2025-11-04T16:31:52.002Z,CUST-304,honest
ORD-1578,596.7,2025-11-30T16:31:52.002Z,CUST-373,honest
ORD-1579,50.09,2025-08-15T16:31:52.002Z,CUST-181,honest
ORD-1580,2240.99,2025-03-16T16:31:52.002Z,CUST-381,honest
ORD-1581,547.63,2025-07-04T16:31:52.003Z,CUST-217,honest
ORD-1582,28.3,2025-02-01T16:31:52.003Z,CUST-399,honest
ORD-1583,48.24,2025-11-17T16:31:52.003Z,CUST-39,honest
ORD-1584,4556.48,2025-02-18T16:31:52.003Z,CUST-224,honest
ORD-1585,5013.48,2025-08-22T16:31:52.003Z,CUST-300,honest
ORD-1586,584.97,2025-08-24T16:31:52.003Z,CUST-328,honest
ORD-1587,18.13,2025-07-27T16:31:52.003Z,CUST-122,honest
ORD-1588,32.51,2025-07-04T16:31:52.003Z,CUST-433,honest
ORD-1589,14.2,2025-07-21T16:31:52.003Z,CUST-440,honest
ORD-1590,37.7,2025-07-19T16:31:52.003Z,CUST-100,honest
ORD-1591,42.51,2025-11-27T16:31:52.003Z,CUST-392,honest
ORD-1592,141.88,2025-02-18T16:31:52.003Z,CUST-41,honest
ORD-1593,42.59,2025-08-18T16:31:52.003Z,CUST-69,honest
ORD-1594,7408.27,2025-06-13T16:31:52.003Z,CUST-256,honest
ORD-1595,481,2025-04-13T16:31:52.003Z,CUST-99,honest
ORD-1596,37.76,2025-02-20T16:31:52.003Z,CUST-6,honest
ORD-1597,872.96,2025-08-04T16:31:52.003Z,CUST-478,honest
ORD-1598,267.31,2025-09-05T16:31:52.003Z,CUST-156,honest
ORD-1599,183.94,2025-10-17T16:31:52.003Z,CUST-141,honest
ORD-1600,743.01,2025-03-02T16:31:52.003Z,CUST-200,honest
ORD-1601,78.55,2025-07-05T16:31:52.003Z,CUST-475,honest
ORD-1602,79.68,2025-06-02T16:31:52.003Z,CUST-169,honest
ORD-1603,9338.06,2025-02-22T16:31:52.003Z,CUST-374,honest
ORD-1604,98.79,2025-09-07T16:31:52.003Z,CUST-214,honest
ORD-1605,12.88,2025-04-25T16:31:52.003Z,CUST-478,honest
ORD-1606,578.34,2025-04-06T16:31:52.003Z,CUST-260,honest
ORD-1607,716.73,2025-02-19T16:31:52.003Z,CUST-78,honest
ORD-1608,318.63,2025-11-27T16:31:52.003Z,CUST-268,honest
ORD-1609,82.42,2025-10-08T16:31:52.003Z,CUST-248,honest
ORD-1610,15.84,2025-04-23T16:31:52.003Z,CUST-192,honest
ORD-1611,24.82,2025-12-17T16:31:52.003Z,CUST-428,honest
ORD-1612,12.89,2025-05-01T16:31:52.003Z,CUST-400,honest
ORD-1613,45.89,2025-07-03T16:31:52.003Z,CUST-419,honest
ORD-1614,505.93,2025-10-08T16:31:52.003Z,CUST-82,honest
ORD-1615,1023.72,2025-11-10T16:31:52.003Z,CUST-167,honest
ORD-1616,798.6,2025-07-24T16:31:52.003Z,CUST-64,honest
ORD-1617,5866.37,2025-09-23T16:31:52.003Z,CUST-160,honest
ORD-1618,8731.6,2025-06-27T16:31:52.003Z,CUST-36,honest
ORD-1619,636.34,2025-08-02T16:31:52.003Z,CUST-140,honest
ORD-1620,17.1,2025-10-10T16:31:52.003Z,CUST-266,honest
ORD-1621,5254.72,2025-10-09T16:31:52.003Z,CUST-347,honest
ORD-1622,7862.05,2025-04-07T16:31:52.003Z,CUST-379,honest
ORD-1623,1954.61,2025-05-03T16:31:52.003Z,CUST-394,honest
ORD-1624,585.41,2025-11-25T16:31:52.003Z,CUST-485,honest
ORD-1625,190.4,2025-04-15T16:31:52.003Z,CUST-355,honest
ORD-1626,18.84,2025-05-24T16:31:52.003Z,CUST-438,honest
ORD-1627,489.36,2025-08-21T16:31:52.003Z,CUST-434,honest
ORD-1628,761.53,2025-12-29T16:31:52.003Z,CUST-325,honest
ORD-1629,150.99,2025-04-18T16:31:52.003Z,CUST-18,honest
ORD-1630,27.85,2025-12-16T16:31:52.003Z,CUST-121,honest
ORD-1631,85.39,2025-07-14T16:31:52.003Z,CUST-281,honest
ORD-1632,4200.36,2025-12-07T16:31:52.003Z,CUST-196,honest
ORD-1633,7366.15,2025-05-05T16:31:52.003Z,CUST-137,honest
ORD-1634,57.7,2025-03-12T16:31:52.003Z,CUST-4,honest
ORD-1635,81.91,2025-05-09T16:31:52.003Z,CUST-474,honest
ORD-1636,1098.53,2025-12-30T16:31:52.003Z,CUST-12,honest
ORD-1637,15.7,2025-04-03T16:31:52.003Z,CUST-73,honest
ORD-1638,49.67,2025-10-13T16:31:52.003Z,CUST-337,honest
ORD-1639,215.76,2025-08-18T16:31:52.003Z,CUST-201,honest
ORD-1640,17.54,2025-10-15T16:31:52.003Z,CUST-179,honest
ORD-1641,24.35,2025-04-21T16:31:52.003Z,CUST-407,honest
ORD-1642,174.85,2025-01-29T16:31:52.003Z,CUST-121,honest
ORD-1643,735.26,2025-07-12T16:31:52.003Z,CUST-374,honest
ORD-1644,6292.47,2025-03-19T16:31:52.003Z,CUST-218,honest
ORD-1645,79.33,2025-09-25T16:31:52.003Z,CUST-53,honest
ORD-1646,2422.81,2025-01-16T16:31:52.003Z,CUST-100,honest
ORD-1647,1618.18,2025-05-20T16:31:52.003Z,CUST-305,honest
ORD-1648,18.57,2025-02-11T16:31:52.003Z,CUST-83,honest
ORD-1649,1915.96,2025-02-26T16:31:52.003Z,CUST-125,honest
ORD-1650,4205.94,2025-07-01T16:31:52.003Z,CUST-357,honest
ORD-1651,2814.96,2025-05-09T16:31:52.003Z,CUST-64,honest
ORD-1652,4018.25,2025-09-22T16:31:52.003Z,CUST-181,honest
ORD-1653,6420.66,2025-02-11T16:31:52.003Z,CUST-263,honest
ORD-1654,973.39,2026-01-02T16:31:52.003Z,CUST-239,honest
ORD-1655,30.58,2025-07-20T16:31:52.003Z,CUST-482,honest
ORD-1656,1712.01,2025-11-30T16:31:52.003Z,CUST-409,honest
ORD-1657,442.39,2025-01-20T16:31:52.003Z,CUST-329,honest
ORD-1658,186.16,2025-03-26T16:31:52.003Z,CUST-418,honest
ORD-1659,780.43,2025-10-13T16:31:52.003Z,CUST-88,honest
ORD-1660,10.01,2025-11-21T16:31:52.003Z,CUST-179,honest
ORD-1661,33.6,2025-11-13T16:31:52.003Z,CUST-434,honest
ORD-1662,901.92,2025-05-11T16:31:52.003Z,CUST-252,honest
ORD-1663,14.15,2025-03-26T16:31:52.003Z,CUST-406,honest
ORD-1664,93.21,2025-01-17T16:31:52.003Z,CUST-13,honest
ORD-1665,267.91,2025-06-25T16:31:52.003Z,CUST-285,honest
ORD-1666,44.46,2025-04-05T16:31:52.003Z,CUST-254,honest
ORD-1667,91.59,2025-07-12T16:31:52.003Z,CUST-445,honest
ORD-1668,118.97,2025-12-15T16:31:52.003Z,CUST-198,honest
ORD-1669,5598.69,2025-09-29T16:31:52.003Z,CUST-21,honest
ORD-1670,1735.28,2025-12-13T16:31:52.003Z,CUST-28,honest
ORD-1671,1249.66,2025-01-08T16:31:52.003Z,CUST-121,honest
ORD-1672,3356.35,2025-04-29T16:31:52.003Z,CUST-493,honest
ORD-1673,11.62,2025-12-14T16:31:52.003Z,CUST-181,honest
ORD-1674,1149.3,2025-11-10T16:31:52.003Z,CUST-69,honest
ORD-1675,33.64,2025-07-14T16:31:52.003Z,CUST-301,honest
ORD-1676,356.81,2025-02-07T16:31:52.003Z,CUST-328,honest
ORD-1677,19.83,2025-07-23T16:31:52.003Z,CUST-323,honest
ORD-1678,1593.22,2025-03-24T16:31:52.003Z,CUST-102,honest
ORD-1679,53.17,2025-12-14T16:31:52.003Z,CUST-292,honest
ORD-1680,12.43,2025-03-30T16:31:52.003Z,CUST-319,honest
ORD-1681,6592.7,2025-02-25T16:31:52.003Z,CUST-498,honest
ORD-1682,15.27,2025-10-06T16:31:52.003Z,CUST-175,honest
ORD-1683,82.89,2025-06-27T16:31:52.003Z,CUST-412,honest
ORD-1684,4843.35,2025-11-09T16:31:52.003Z,CUST-421,honest
ORD-1685,356.01,2025-07-30T16:31:52.003Z,CUST-253,honest
ORD-1686,74.85,2025-03-29T16:31:52.003Z,CUST-109,honest
ORD-1687,105.44,2025-11-16T16:31:52.003Z,CUST-416,honest
ORD-1688,980.83,2025-02-05T16:31:52.003Z,CUST-38,honest
ORD-1689,1821.24,2025-12-11T16:31:52.003Z,CUST-410,honest
ORD-1690,788.04,2025-07-23T16:31:52.003Z,CUST-262,honest
ORD-1691,960.66,2025-01-14T16:31:52.003Z,CUST-245,honest
ORD-1692,30.11,2025-08-01T16:31:52.003Z,CUST-29,honest
ORD-1693,194.02,2025-06-18T16:31:52.003Z,CUST-386,honest
ORD-1694,126.76,2025-08-21T16:31:52.003Z,CUST-323,honest
ORD-1695,23.56,2025-07-31T16:31:52.003Z,CUST-288,honest
ORD-1696,84.33,2025-05-04T16:31:52.003Z,CUST-52,honest
ORD-1697,206.7,2025-09-30T16:31:52.003Z,CUST-218,honest
ORD-1698,119.94,2025-12-30T16:31:52.003Z,CUST-240,honest
ORD-1699,250.86,2025-04-04T16:31:52.003Z,CUST-176,honest
ORD-1700,169.04,2025-01-28T16:31:52.003Z,CUST-158,honest
ORD-1701,29.79,2025-04-30T16:31:52.004Z,CUST-112,honest
ORD-1702,2102.45,2025-07-02T16:31:52.004Z,CUST-307,honest
ORD-1703,25.91,2025-06-22T16:31:52.004Z,CUST-427,honest
ORD-1704,330.78,2025-11-03T16:31:52.004Z,CUST-109,honest
ORD-1705,19.22,2025-12-04T16:31:52.004Z,CUST-264,honest
ORD-1706,4746.78,2025-06-13T16:31:52.004Z,CUST-409,honest
ORD-1707,36.66,2025-01-26T16:31:52.004Z,CUST-142,honest
ORD-1708,12.51,2025-02-02T16:31:52.004Z,CUST-479,honest
ORD-1709,10.98,2025-08-13T16:31:52.004Z,CUST-477,honest
ORD-1710,2429.38,2025-02-21T16:31:52.004Z,CUST-194,honest
ORD-1711,1722.97,2025-04-29T16:31:52.004Z,CUST-365,honest
ORD-1712,881.34,2025-12-08T16:31:52.004Z,CUST-264,honest
ORD-1713,804.68,2025-12-30T16:31:52.004Z,CUST-8,honest
ORD-1714,79.18,2025-04-17T16:31:52.004Z,CUST-46,honest
ORD-1715,103.29,2025-03-27T16:31:52.004Z,CUST-172,honest
ORD-1716,9337.44,2025-05-03T16:31:52.004Z,CUST-486,honest
ORD-1717,38.95,2025-05-16T16:31:52.004Z,CUST-307,honest
ORD-1718,1762.81,2025-07-09T16:31:52.004Z,CUST-396,honest
ORD-1719,20.01,2025-03-22T16:31:52.004Z,CUST-364,honest
ORD-1720,24.84,2025-01-11T16:31:52.004Z,CUST-17,honest
ORD-1721,71.65,2025-07-11T16:31:52.004Z,CUST-356,honest
ORD-1722,8614.4,2025-10-08T16:31:52.004Z,CUST-119,honest
ORD-1723,86.48,2025-03-01T16:31:52.004Z,CUST-19,honest
ORD-1724,2192.84,2025-01-24T16:31:52.004Z,CUST-462,honest
ORD-1725,331.05,2025-02-14T16:31:52.004Z,CUST-399,honest
ORD-1726,11.62,2025-05-07T16:31:52.004Z,CUST-249,honest
ORD-1727,213.53,2025-07-14T16:31:52.004Z,CUST-240,honest
ORD-1728,52.4,2025-05-28T16:31:52.004Z,CUST-74,honest
ORD-1729,1575.01,2025-03-20T16:31:52.004Z,CUST-265,honest
ORD-1730,16.97,2025-11-06T16:31:52.004Z,CUST-360,honest
ORD-1731,127.07,2025-02-06T16:31:52.004Z,CUST-55,honest
ORD-1732,1407.52,2025-09-18T16:31:52.004Z,CUST-116,honest
ORD-1733,17.94,2025-06-14T16:31:52.004Z,CUST-174,honest
ORD-1734,979.57,2025-07-19T16:31:52.004Z,CUST-43,honest
ORD-1735,209.54,2025-12-14T16:31:52.004Z,CUST-335,honest
ORD-1736,13.79,2025-07-18T16:31:52.004Z,CUST-466,honest
ORD-1737,126.42,2025-11-24T16:31:52.004Z,CUST-47,honest
ORD-1738,104.37,2025-11-12T16:31:52.004Z,CUST-25,honest
ORD-1739,884.33,2025-07-30T16:31:52.004Z,CUST-251,honest
ORD-1740,38.58,2025-05-27T16:31:52.004Z,CUST-25,honest
ORD-1741,152.11,2025-05-29T16:31:52.004Z,CUST-47,honest
ORD-1742,488.24,2025-03-15T16:31:52.004Z,CUST-27,honest
ORD-1743,580.83,2025-02-18T16:31:52.004Z,CUST-164,honest
ORD-1744,75.38,2025-11-23T16:31:52.004Z,CUST-460,honest
ORD-1745,4800.66,2025-06-14T16:31:52.004Z,CUST-264,honest
ORD-1746,715.12,2025-04-09T16:31:52.004Z,CUST-36,honest
ORD-1747,341.94,2025-03-16T16:31:52.004Z,CUST-494,honest
ORD-1748,3046.96,2025-01-21T16:31:52.004Z,CUST-358,honest
ORD-1749,63.24,2025-10-13T16:31:52.004Z,CUST-320,honest
ORD-1750,2292.46,2025-05-18T16:31:52.004Z,CUST-11,honest
ORD-1751,116.56,2025-06-05T16:31:52.004Z,CUST-110,honest
ORD-1752,34.57,2025-03-18T16:31:52.004Z,CUST-45,honest
ORD-1753,2596.65,2025-06-23T16:31:52.004Z,CUST-35,honest
ORD-1754,28.3,2025-02-18T16:31:52.004Z,CUST-196,honest
ORD-1755,21.33,2025-11-07T16:31:52.004Z,CUST-56,honest
ORD-1756,1514.56,2025-07-21T16:31:52.004Z,CUST-132,honest
ORD-1757,909.26,2025-11-09T16:31:52.004Z,CUST-337,honest
ORD-1758,176.05,2025-12-09T16:31:52.004Z,CUST-470,honest
ORD-1759,20.9,2025-09-17T16:31:52.004Z,CUST-272,honest
ORD-1760,226.63,2025-08-06T16:31:52.004Z,CUST-434,honest
ORD-1761,2506.26,2025-06-07T16:31:52.004Z,CUST-423,honest
ORD-1762,2731.46,2025-01-30T16:31:52.004Z,CUST-301,honest
ORD-1763,961.45,2025-12-27T16:31:52.004Z,CUST-21,honest
ORD-1764,24.87,2025-02-12T16:31:52.004Z,CUST-116,honest
ORD-1765,8287.05,2025-10-10T16:31:52.004Z,CUST-271,honest
ORD-1766,2076.83,2025-12-24T16:31:52.004Z,CUST-161,honest
ORD-1767,3104.81,2025-08-07T16:31:52.004Z,CUST-406,honest
ORD-1768,20.5,2025-11-20T16:31:52.004Z,CUST-130,honest
ORD-1769,5060.82,2025-07-27T16:31:52.004Z,CUST-381,honest
ORD-1770,23.2,2025-11-09T16:31:52.004Z,CUST-480,honest
ORD-1771,49.59,2025-05-15T16:31:52.004Z,CUST-466,honest
ORD-1772,177.17,2025-04-20T16:31:52.004Z,CUST-151,honest
ORD-1773,251.51,2025-07-22T16:31:52.004Z,CUST-193,honest
ORD-1774,7209.5,2025-06-30T16:31:52.004Z,CUST-208,honest
ORD-1775,109.4,2025-02-08T16:31:52.004Z,CUST-259,honest
ORD-1776,5118.64,2025-06-08T16:31:52.004Z,CUST-474,honest
ORD-1777,66.76,2025-08-31T16:31:52.004Z,CUST-426,honest
ORD-1778,7065.68,2025-05-12T16:31:52.004Z,CUST-26,honest
ORD-1779,39.03,2025-02-24T16:31:52.004Z,CUST-392,honest
ORD-1780,6060.52,2025-09-10T16:31:52.004Z,CUST-147,honest
ORD-1781,19.4,2025-12-30T16:31:52.004Z,CUST-155,honest
ORD-1782,5397.41,2025-09-25T16:31:52.004Z,CUST-303,honest
ORD-1783,2778.1,2025-04-18T16:31:52.004Z,CUST-324,honest
ORD-1784,10.75,2025-11-15T16:31:52.004Z,CUST-424,honest
ORD-1785,7319.71,2025-05-14T16:31:52.004Z,CUST-49,honest
ORD-1786,639.31,2025-04-09T16:31:52.004Z,CUST-264,honest
ORD-1787,10.67,2025-06-08T16:31:52.004Z,CUST-401,honest
ORD-1788,464,2025-03-15T16:31:52.004Z,CUST-243,honest
ORD-1789,36.35,2025-08-17T16:31:52.004Z,CUST-282,honest
ORD-1790,3140.9,2025-12-09T16:31:52.004Z,CUST-139,honest
ORD-1791,65.94,2025-09-10T16:31:52.004Z,CUST-468,honest
ORD-1792,139.46,2025-05-31T16:31:52.004Z,CUST-263,honest
ORD-1793,11.43,2025-05-15T16:31:52.004Z,CUST-424,honest
ORD-1794,1350.35,2025-05-15T16:31:52.004Z,CUST-39,honest
ORD-1795,38.54,2025-09-09T16:31:52.004Z,CUST-389,honest
ORD-1796,16.12,2025-05-31T16:31:52.004Z,CUST-206,honest
ORD-1797,167.4,2025-03-14T16:31:52.004Z,CUST-221,honest
ORD-1798,227.49,2025-08-16T16:31:52.004Z,CUST-458,honest
ORD-1799,126.92,2025-06-08T16:31:52.004Z,CUST-366,honest
ORD-1800,32.08,2025-11-07T16:31:52.004Z,CUST-356,honest
ORD-1801,118.84,2025-02-12T16:31:52.004Z,CUST-447,honest
ORD-1802,6445.13,2025-09-07T16:31:52.004Z,CUST-317,honest
ORD-1803,5707.86,2025-08-15T16:31:52.004Z,CUST-435,honest
ORD-1804,576.01,2025-03-31T16:31:52.004Z,CUST-235,honest
ORD-1805,29.19,2025-02-19T16:31:52.004Z,CUST-78,honest
ORD-1806,80.91,2025-07-28T16:31:52.004Z,CUST-28,honest
ORD-1807,1236.26,2025-03-10T16:31:52.004Z,CUST-111,honest
ORD-1808,1092.38,2025-09-05T16:31:52.004Z,CUST-417,honest
ORD-1809,13.01,2025-03-04T16:31:52.004Z,CUST-52,honest
ORD-1810,275.81,2026-01-05T16:31:52.004Z,CUST-221,honest
ORD-1811,882.53,2025-08-20T16:31:52.004Z,CUST-35,honest
ORD-1812,247.61,2025-10-12T16:31:52.004Z,CUST-342,honest
ORD-1813,13.49,2025-08-05T16:31:52.004Z,CUST-262,honest
ORD-1814,1550.03,2025-08-19T16:31:52.004Z,CUST-407,honest
ORD-1815,6796.23,2025-11-12T16:31:52.004Z,CUST-273,honest
ORD-1816,1021.62,2025-06-24T16:31:52.004Z,CUST-390,honest
ORD-1817,1263.99,2025-08-13T16:31:52.004Z,CUST-469,honest
ORD-1818,39.73,2025-05-06T16:31:52.004Z,CUST-210,honest
ORD-1819,177.62,2025-06-07T16:31:52.004Z,CUST-44,honest
ORD-1820,515.33,2025-05-08T16:31:52.004Z,CUST-349,honest
ORD-1821,175.25,2025-02-19T16:31:52.004Z,CUST-390,honest
ORD-1822,49.4,2025-09-01T16:31:52.004Z,CUST-242,honest
ORD-1823,9277.79,2025-04-30T16:31:52.004Z,CUST-3,honest
ORD-1824,9228.02,2025-05-26T16:31:52.004Z,CUST-418,honest
ORD-1825,8830.77,2025-07-29T16:31:52.004Z,CUST-291,honest
ORD-1826,295.74,2025-04-28T16:31:52.004Z,CUST-411,honest
ORD-1827,7277.3,2025-10-26T16:31:52.004Z,CUST-413,honest
ORD-1828,596.79,2025-04-19T16:31:52.004Z,CUST-62,honest
ORD-1829,200.93,2025-09-27T16:31:52.004Z,CUST-12,honest
ORD-1830,160.17,2025-02-05T16:31:52.004Z,CUST-289,honest
ORD-1831,5935.71,2025-02-23T16:31:52.004Z,CUST-55,honest
ORD-1832,2451.01,2025-03-09T16:31:52.004Z,CUST-5,honest
ORD-1833,1647.88,2025-06-03T16:31:52.004Z,CUST-409,honest
ORD-1834,1377.83,2025-10-24T16:31:52.004Z,CUST-172,honest
ORD-1835,6790.01,2025-12-23T16:31:52.004Z,CUST-150,honest
ORD-1836,28.79,2025-01-17T16:31:52.004Z,CUST-98,honest
ORD-1837,2951.22,2025-09-03T16:31:52.004Z,CUST-341,honest
ORD-1838,1451.66,2025-01-23T16:31:52.004Z,CUST-226,honest
ORD-1839,1134.29,2025-02-02T16:31:52.004Z,CUST-3,honest
ORD-1840,47.65,2025-07-16T16:31:52.004Z,CUST-465,honest
ORD-1841,1543.3,2025-09-01T16:31:52.004Z,CUST-24,honest
ORD-1842,71.56,2025-10-08T16:31:52.004Z,CUST-125,honest
ORD-1843,176.52,2025-05-16T16:31:52.004Z,CUST-16,honest
ORD-1844,23.35,2025-03-19T16:31:52.004Z,CUST-372,honest
ORD-1845,17.65,2025-08-10T16:31:52.004Z,CUST-446,honest
ORD-1846,27.03,2025-12-01T16:31:52.004Z,CUST-329,honest
ORD-1847,1411.88,2025-10-31T16:31:52.004Z,CUST-215,honest
ORD-1848,985.33,2025-12-31T16:31:52.004Z,CUST-147,honest
ORD-1849,664.76,2025-11-25T16:31:52.004Z,CUST-95,honest
ORD-1850,25.2,2025-09-11T16:31:52.004Z,CUST-172,honest
ORD-1851,42.72,2025-01-18T16:31:52.004Z,CUST-466,honest
ORD-1852,3191.73,2025-11-14T16:31:52.004Z,CUST-483,honest
ORD-1853,1099.23,2025-07-02T16:31:52.004Z,CUST-8,honest
ORD-1854,15.06,2025-07-05T16:31:52.004Z,CUST-411,honest
ORD-1855,3657.51,2025-11-18T16:31:52.004Z,CUST-119,honest
ORD-1856,138.27,2025-06-05T16:31:52.004Z,CUST-161,honest
ORD-1857,966.78,2025-04-02T16:31:52.004Z,CUST-128,honest
ORD-1858,4131.83,2025-08-17T16:31:52.004Z,CUST-216,honest
ORD-1859,864.92,2025-11-05T16:31:52.004Z,CUST-355,honest
ORD-1860,3045.7,2025-08-27T16:31:52.004Z,CUST-484,honest
ORD-1861,21.39,2025-03-13T16:31:52.004Z,CUST-345,honest
ORD-1862,8703.41,2025-08-31T16:31:52.005Z,CUST-4,honest
ORD-1863,500.08,2025-07-08T16:31:52.005Z,CUST-103,honest
ORD-1864,2924.66,2025-06-14T16:31:52.005Z,CUST-459,honest
ORD-1865,84.02,2025-01-18T16:31:52.005Z,CUST-464,honest
ORD-1866,654.53,2025-07-14T16:31:52.005Z,CUST-380,honest
ORD-1867,487.76,2025-06-23T16:31:52.005Z,CUST-158,honest
ORD-1868,4968.37,2025-05-11T16:31:52.005Z,CUST-239,honest
ORD-1869,179.73,2025-01-22T16:31:52.005Z,CUST-341,honest
ORD-1870,230.34,2025-10-23T16:31:52.005Z,CUST-70,honest
ORD-1871,1771.84,2025-04-13T16:31:52.005Z,CUST-128,honest
ORD-1872,1646.95,2025-07-10T16:31:52.005Z,CUST-17,honest
ORD-1873,1307.24,2025-07-09T16:31:52.005Z,CUST-349,honest
ORD-1874,24.78,2025-08-19T16:31:52.005Z,CUST-386,honest
ORD-1875,55.6,2025-09-08T16:31:52.005Z,CUST-153,honest
ORD-1876,144.24,2025-01-08T16:31:52.005Z,CUST-11,honest
ORD-1877,15.74,2025-08-15T16:31:52.005Z,CUST-52,honest
ORD-1878,519.89,2025-07-31T16:31:52.005Z,CUST-296,honest
ORD-1879,3402.46,2025-04-01T16:31:52.005Z,CUST-299,honest
ORD-1880,268.41,2025-06-06T16:31:52.005Z,CUST-106,honest
ORD-1881,156.2,2025-11-03T16:31:52.005Z,CUST-373,honest
ORD-1882,33.79,2025-02-16T16:31:52.005Z,CUST-158,honest
ORD-1883,30.94,2025-10-26T16:31:52.005Z,CUST-408,honest
ORD-1884,32.82,2025-06-24T16:31:52.005Z,CUST-491,honest
ORD-1885,266.82,2025-11-27T16:31:52.005Z,CUST-414,honest
ORD-1886,342.18,2025-04-06T16:31:52.005Z,CUST-306,honest
ORD-1887,410.47,2025-09-16T16:31:52.005Z,CUST-48,honest
ORD-1888,27.17,2025-01-28T16:31:52.005Z,CUST-399,honest
ORD-1889,1785.52,2025-08-15T16:31:52.005Z,CUST-128,honest
ORD-1890,1162.71,2025-07-29T16:31:52.005Z,CUST-124,honest
ORD-1891,618.51,2025-10-15T16:31:52.005Z,CUST-137,honest
ORD-1892,8119.45,2025-05-15T16:31:52.005Z,CUST-342,honest
ORD-1893,72.77,2025-05-01T16:31:52.005Z,CUST-214,honest
ORD-1894,7375.65,2025-08-12T16:31:52.005Z,CUST-45,honest
ORD-1895,10.45,2025-11-25T16:31:52.005Z,CUST-309,honest
ORD-1896,9867.2,2025-08-14T16:31:52.005Z,CUST-203,honest
ORD-1897,2338.64,2025-11-02T16:31:52.005Z,CUST-476,honest
ORD-1898,68.32,2025-06-02T16:31:52.005Z,CUST-156,honest
ORD-1899,78.73,2025-04-26T16:31:52.005Z,CUST-321,honest
ORD-1900,1464.73,2025-05-11T16:31:52.005Z,CUST-414,honest
ORD-1901,808.42,2025-04-07T16:31:52.005Z,CUST-137,honest
ORD-1902,669.14,2025-12-09T16:31:52.005Z,CUST-134,honest
ORD-1903,391.07,2025-01-24T16:31:52.005Z,CUST-220,honest
ORD-1904,33.46,2025-09-30T16:31:52.005Z,CUST-193,honest
ORD-1905,2953.59,2026-01-01T16:31:52.005Z,CUST-57,honest
ORD-1906,2707.51,2025-03-24T16:31:52.005Z,CUST-373,honest
ORD-1907,246.49,2025-10-23T16:31:52.005Z,CUST-206,honest
ORD-1908,6550.8,2025-10-02T16:31:52.005Z,CUST-66,honest
ORD-1909,124.4,2025-02-23T16:31:52.005Z,CUST-151,honest
ORD-1910,26.69,2025-05-22T16:31:52.005Z,CUST-261,honest
ORD-1911,670.3,2025-08-05T16:31:52.005Z,CUST-265,honest
ORD-1912,1094.17,2025-01-13T16:31:52.005Z,CUST-272,honest
ORD-1913,446.44,2025-06-03T16:31:52.005Z,CUST-461,honest
ORD-1914,415.64,2025-12-12T16:31:52.005Z,CUST-383,honest
ORD-1915,76.61,2025-06-19T16:31:52.005Z,CUST-410,honest
ORD-1916,230.38,2025-02-24T16:31:52.005Z,CUST-236,honest
ORD-1917,49.54,2025-11-28T16:31:52.005Z,CUST-375,honest
ORD-1918,650.13,2025-01-21T16:31:52.005Z,CUST-468,honest
ORD-1919,2737.28,2025-12-26T16:31:52.005Z,CUST-42,honest
ORD-1920,589.71,2025-01-06T16:31:52.005Z,CUST-288,honest
ORD-1921,42.41,2025-05-28T16:31:52.005Z,CUST-467,honest
ORD-1922,114.6,2025-09-26T16:31:52.005Z,CUST-232,honest
ORD-1923,20.45,2025-12-31T16:31:52.005Z,CUST-181,honest
ORD-1924,15.14,2025-07-30T16:31:52.005Z,CUST-479,honest
ORD-1925,113.39,2025-08-14T16:31:52.005Z,CUST-30,honest
ORD-1926,1353.16,2025-02-23T16:31:52.005Z,CUST-107,honest
ORD-1927,29.23,2025-10-08T16:31:52.005Z,CUST-419,honest
ORD-1928,7414.54,2025-11-12T16:31:52.005Z,CUST-347,honest
ORD-1929,86.59,2025-12-17T16:31:52.005Z,CUST-258,honest
ORD-1930,40.14,2025-07-03T16:31:52.005Z,CUST-404,honest
ORD-1931,6266.99,2025-11-02T16:31:52.005Z,CUST-167,honest
ORD-1932,469.74,2025-10-27T16:31:52.005Z,CUST-24,honest
ORD-1933,1290.96,2025-05-27T16:31:52.005Z,CUST-226,honest
ORD-1934,4363.47,2025-11-10T16:31:52.005Z,CUST-244,honest
ORD-1935,1590.6,2025-03-29T16:31:52.005Z,CUST-122,honest
ORD-1936,62.5,2025-05-24T16:31:52.005Z,CUST-280,honest
ORD-1937,21.84,2025-06-22T16:31:52.005Z,CUST-356,honest
ORD-1938,184.32,2025-06-24T16:31:52.005Z,CUST-340,honest
ORD-1939,192.66,2025-05-17T16:31:52.005Z,CUST-161,honest
ORD-1940,658.9,2025-06-16T16:31:52.005Z,CUST-357,honest
ORD-1941,875.25,2025-03-06T16:31:52.005Z,CUST-480,honest
ORD-1942,35.83,2025-06-24T16:31:52.005Z,CUST-99,honest
ORD-1943,105.65,2025-03-31T16:31:52.005Z,CUST-496,honest
ORD-1944,4633.71,2026-01-01T16:31:52.005Z,CUST-3,honest
ORD-1945,68.7,2025-11-30T16:31:52.005Z,CUST-98,honest
ORD-1946,36.61,2025-07-17T16:31:52.005Z,CUST-189,honest
ORD-1947,14.71,2025-08-18T16:31:52.005Z,CUST-224,honest
ORD-1948,9961.95,2025-12-04T16:31:52.005Z,CUST-131,honest
ORD-1949,2907.56,2025-09-28T16:31:52.005Z,CUST-158,honest
ORD-1950,8313.34,2025-03-23T16:31:52.005Z,CUST-199,honest
ORD-1951,93.06,2025-06-15T16:31:52.005Z,CUST-275,honest
ORD-1952,15.13,2025-10-15T16:31:52.005Z,CUST-375,honest
ORD-1953,155.53,2025-03-23T16:31:52.005Z,CUST-53,honest
ORD-1954,227.77,2025-07-28T16:31:52.005Z,CUST-284,honest
ORD-1955,114.37,2025-02-05T16:31:52.005Z,CUST-65,honest
ORD-1956,63.77,2025-01-11T16:31:52.005Z,CUST-361,honest
ORD-1957,58.94,2025-08-17T16:31:52.005Z,CUST-403,honest
ORD-1958,66.75,2025-11-19T16:31:52.005Z,CUST-348,honest
ORD-1959,44.86,2025-10-06T16:31:52.005Z,CUST-277,honest
ORD-1960,82.21,2025-09-17T16:31:52.005Z,CUST-291,honest
ORD-1961,17.53,2025-02-05T16:31:52.005Z,CUST-7,honest
ORD-1962,737.26,2025-11-27T16:31:52.005Z,CUST-279,honest
ORD-1963,3742.75,2025-12-28T16:31:52.005Z,CUST-144,honest
ORD-1964,1177.3,2025-04-06T16:31:52.005Z,CUST-101,honest
ORD-1965,314.43,2025-06-22T16:31:52.005Z,CUST-260,honest
ORD-1966,1064.35,2025-01-09T16:31:52.005Z,CUST-390,honest
ORD-1967,2588.54,2025-06-19T16:31:52.005Z,CUST-56,honest
ORD-1968,29.73,2025-01-16T16:31:52.005Z,CUST-226,honest
ORD-1969,437.21,2025-11-19T16:31:52.005Z,CUST-27,honest
ORD-1970,365.58,2025-05-13T16:31:52.005Z,CUST-229,honest
ORD-1971,580.32,2025-06-27T16:31:52.005Z,CUST-386,honest
ORD-1972,69.39,2025-06-27T16:31:52.005Z,CUST-378,honest
ORD-1973,21.53,2025-01-17T16:31:52.005Z,CUST-161,honest
ORD-1974,46.07,2025-12-16T16:31:52.005Z,CUST-422,honest
ORD-1975,71.43,2025-09-04T16:31:52.005Z,CUST-50,honest
ORD-1976,3130.49,2025-12-14T16:31:52.005Z,CUST-42,honest
ORD-1977,1386.96,2025-11-28T16:31:52.005Z,CUST-214,honest
ORD-1978,106.53,2025-09-23T16:31:52.005Z,CUST-156,honest
ORD-1979,2321.97,2025-05-06T16:31:52.005Z,CUST-431,honest
ORD-1980,1365.6,2025-10-10T16:31:52.005Z,CUST-149,honest
ORD-1981,90.24,2025-04-13T16:31:52.005Z,CUST-407,honest
ORD-1982,2619.78,2025-03-29T16:31:52.005Z,CUST-342,honest
ORD-1983,2356.32,2025-11-09T16:31:52.005Z,CUST-208,honest
ORD-1984,411.65,2025-12-12T16:31:52.005Z,CUST-79,honest
ORD-1985,217.23,2025-04-08T16:31:52.005Z,CUST-492,honest
ORD-1986,2281.11,2025-01-08T16:31:52.005Z,CUST-134,honest
ORD-1987,15.1,2025-04-18T16:31:52.005Z,CUST-136,honest
ORD-1988,18.98,2025-07-31T16:31:52.005Z,CUST-278,honest
ORD-1989,189.18,2025-08-11T16:31:52.005Z,CUST-67,honest
ORD-1990,5343.34,2025-01-17T16:31:52.005Z,CUST-477,honest
ORD-1991,262.03,2025-11-27T16:31:52.005Z,CUST-152,honest
ORD-1992,525.91,2025-01-11T16:31:52.005Z,CUST-189,honest
ORD-1993,54.97,2025-04-18T16:31:52.005Z,CUST-220,honest
ORD-1994,27,2025-07-07T16:31:52.005Z,CUST-188,honest
ORD-1995,129.86,2025-09-04T16:31:52.005Z,CUST-355,honest
ORD-1996,19.06,2025-08-01T16:31:52.005Z,CUST-188,honest
ORD-1997,13.87,2025-01-22T16:31:52.005Z,CUST-127,honest
ORD-1998,4678.83,2025-08-25T16:31:52.005Z,CUST-482,honest
ORD-1999,39.44,2025-08-04T16:31:52.005Z,CUST-149,honest